{"cameraMode":{"drawMode":0,"name":"Shaded","section":"Shading Mode"},"sceneLighting":true,"audioPlay":false,"sceneViewState":{"m_AlwaysRefresh":false,"showFog":true,"showSkybox":true,"showFlares":true,"showImageEffects":true,"showParticleSystems":true,"showVisualEffectGraphs":true,"m_FxEnabled":true},"in2DMode":false,"pivot":{"x":2.062352418899536,"y":2.6540439128875734,"z":-8.267823219299317},"rotation":{"x":-0.22984686493873597,"y":0.13726837933063508,"z":-0.03276495635509491,"w":-0.9629384875297546},"size":2.0599777698516847,"orthographic":false}