{"cameraMode":{"drawMode":0,"name":"Shaded","section":"Shading Mode"},"sceneLighting":false,"audioPlay":false,"sceneViewState":{"m_AlwaysRefresh":false,"showFog":true,"showSkybox":false,"showFlares":true,"showImageEffects":true,"showParticleSystems":true,"showVisualEffectGraphs":true,"m_FxEnabled":true},"in2DMode":false,"pivot":{"x":0.01313243992626667,"y":0.6532357335090637,"z":0.14269590377807618},"rotation":{"x":-0.018000047653913499,"y":-3.028585382480742e-8,"z":-0.0000015111652373889229,"w":0.999832272529602},"size":1.0944280624389649,"orthographic":false}