{"cameraMode":{"drawMode":0,"name":"Shaded","section":"Shading Mode"},"sceneLighting":false,"audioPlay":false,"sceneViewState":{"m_AlwaysRefresh":false,"showFog":true,"showSkybox":false,"showFlares":true,"showImageEffects":true,"showParticleSystems":true,"showVisualEffectGraphs":true,"m_FxEnabled":true},"in2DMode":false,"pivot":{"x":-0.000019729137420654297,"y":1.4283262491226197,"z":-0.00011289119720458984},"rotation":{"x":-0.022497491911053659,"y":0.011996653862297535,"z":0.0002683828060980886,"w":0.9996721148490906},"size":1.9538382291793824,"orthographic":false}