{"cameraMode":{"drawMode":0,"name":"Shaded","section":"Shading Mode"},"sceneLighting":false,"audioPlay":false,"sceneViewState":{"m_AlwaysRefresh":false,"showFog":true,"showSkybox":false,"showFlares":true,"showImageEffects":true,"showParticleSystems":true,"showVisualEffectGraphs":true,"m_FxEnabled":true},"in2DMode":false,"pivot":{"x":0.018918275833129884,"y":1.4508641958236695,"z":-0.0023888349533081056},"rotation":{"x":0.09277675300836563,"y":-0.04329837113618851,"z":0.004036762751638889,"w":0.9947329163551331},"size":1.7660839557647706,"orthographic":false}