{"cameraMode":{"drawMode":0,"name":"Shaded","section":"Shading Mode"},"sceneLighting":true,"audioPlay":false,"sceneViewState":{"m_AlwaysRefresh":false,"showFog":true,"showSkybox":true,"showFlares":true,"showImageEffects":true,"showParticleSystems":true,"showVisualEffectGraphs":true,"m_FxEnabled":true},"in2DMode":false,"pivot":{"x":0.007977815344929695,"y":1.180466890335083,"z":-0.005210161209106445},"rotation":{"x":-0.026996368542313577,"y":-0.003590764943510294,"z":0.00009704596595838666,"w":-0.9996318817138672},"size":1.6542675495147706,"orthographic":false}