{"cameraMode":{"drawMode":0,"name":"Shaded","section":"Shading Mode"},"sceneLighting":true,"audioPlay":false,"sceneViewState":{"m_AlwaysRefresh":false,"showFog":true,"showSkybox":true,"showFlares":true,"showImageEffects":true,"showParticleSystems":true,"showVisualEffectGraphs":true,"m_FxEnabled":true},"in2DMode":false,"pivot":{"x":-0.010624495334923268,"y":1.536652684211731,"z":0.0007023811340332031},"rotation":{"x":-0.004499741364270449,"y":0.000907919486053288,"z":-0.000004013272246083943,"w":-0.9999913573265076},"size":1.6475746631622315,"orthographic":false}