{"cameraMode":{"drawMode":0,"name":"Shaded","section":"Shading Mode"},"sceneLighting":true,"audioPlay":false,"sceneViewState":{"m_AlwaysRefresh":false,"showFog":true,"showSkybox":true,"showFlares":true,"showImageEffects":true,"showParticleSystems":true,"showVisualEffectGraphs":true,"m_FxEnabled":true},"in2DMode":false,"pivot":{"x":938.7610473632813,"y":542.2373046875,"z":-91.40873718261719},"rotation":{"x":0.004498826339840889,"y":-0.002999975113198161,"z":0.00001196274570247624,"w":0.9999800324440002},"size":431.25738525390627,"orthographic":false}