{"cameraMode":{"drawMode":0,"name":"Shaded","section":"Shading Mode"},"sceneLighting":true,"audioPlay":false,"sceneViewState":{"m_AlwaysRefresh":false,"showFog":true,"showSkybox":true,"showFlares":true,"showImageEffects":true,"showParticleSystems":true,"showVisualEffectGraphs":true,"m_FxEnabled":true},"in2DMode":false,"pivot":{"x":1.8472691774368287,"y":1.6444355249404908,"z":-0.01611362211406231},"rotation":{"x":-0.02849538065493107,"y":-0.006589372642338276,"z":0.00018791922775562853,"w":-0.9995759129524231},"size":2.2118101119995119,"orthographic":false}